{
  "e": {
    "instance_Client_layout": {
      "pos": {
        "x": 1148.031892973678,
        "y": 875.3791704456189
      }
    },
    "instance_Client_router": {
      "pos": {
        "x": 1296.0794112682343,
        "y": 546.9747407436373
      }
    },
    "instance_Client_E-oL-E-oS": {
      "pos": {
        "x": 593.4700345993042,
        "y": 1438.7898845672607
      }
    },
    "instance_Server_E-oL-E-oS": {
      "pos": {
        "x": 1126.4765281677246,
        "y": 1420.6151554584503
      }
    },
    "instance_Client_E-ioS": {
      "pos": {
        "x": -300.4346478857177,
        "y": -75.65197175487037
      }
    },
    "instance_Server_E-oL-E-ioS": {
      "pos": {
        "x": 252.5963869056041,
        "y": 1584.1877145767212
      }
    },
    "instance_Client_E-oL-E-ioS": {
      "pos": {
        "x": 337.5306804180145,
        "y": 1285.6028832694578
      }
    },
    "instance_Client_E-IoS": {
      "pos": {
        "x": 861.0108982568051,
        "y": 1018.9719909104181
      }
    },
    "instance_Client_E-oS": {
      "pos": {
        "x": 782.0914485699309,
        "y": 750.4519922317802
      }
    },
    "instance_Client_E-oE-ioS": {
      "pos": {
        "x": 519.1453204922371,
        "y": 597.64113468382
      }
    },
    "instance_Client_E-oE-oS": {
      "pos": {
        "x": 434.34154182672506,
        "y": 850.1652297540812
      }
    },
    "instance_Server_E-ioL-E-oS": {
      "pos": {
        "x": 94.31943625142947,
        "y": 851.9257815235678
      }
    }
  },
  "p": {
    "x": 54.34375783306109,
    "y": 356.1016201784496,
    "z": 0.567839527740402
  }
}
